id,title,description,availability,condition,price,link,image_link,brand
SP-001,SP-001 | BẠCH TRỤ TỊNH QUANG,"💬 Giá hiển thị chỉ mang tính tham khảo.
Mỗi mẫu đá có đặc tính và giá trị riêng. Vui lòng Inbox Fanpage để nhận giá chính xác của mẫu đang xem và kiểm tra tình trạng còn hàng.

Tên/nhóm theo nguồn: Selenite tự nhiên. Mẫu Selenite dạng trụ với sắc trắng trong, cấu trúc thớ chạy dọc và ánh sáng mềm. Vẻ đẹp nằm ở sự tối giản: không cần nhiều màu nhưng vẫn có chiều sâu khi thay đổi góc nhìn. Theo quan niệm phong thủy truyền thống, sắc trắng thường gắn với sự thanh sạch và tĩnh. Phù hợp bàn làm việc, kệ sách hoặc không gian cần một điểm nhấn nhẹ. Mỗi mẫu tự nhiên có hệ thớ riêng, không lặp lại hoàn toàn. Inbox mã SP-001 để xem thêm hình ảnh và video chi tiết.

👉 Nhắn tin ngay để nhận giá và video chi tiết của mẫu này.",in stock,new,1500000 VND,https://example.com/san-pham/SP-001,https://raw.githubusercontent.com/annguyennhu2021-ctrl/da-anh-sp/main/SP-001.jpg,Da - Tra - Tu Vi
SP-002,SP-002 | BÍCH TUYẾT NGỌC,"💬 Giá hiển thị chỉ mang tính tham khảo.
Mỗi mẫu đá có đặc tính và giá trị riêng. Vui lòng Inbox Fanpage để nhận giá chính xác của mẫu đang xem và kiểm tra tình trạng còn hàng.

Tên/nhóm theo nguồn: Obsidian bông tuyết cộng sinh xanh ngọc. Nền xanh trong kết hợp những cụm trắng tự nhiên tạo cảm giác như các bông tuyết lơ lửng trong đá. Giá trị của mẫu không nằm ở một màu xanh đơn thuần mà ở sự tương phản giữa phần trong, phần đục và vùng cộng sinh. Khi soi sáng, cấu trúc bên trong hiện rõ hơn, tạo chiều sâu rất khác ảnh tĩnh. Theo quan niệm phong thủy, Obsidian thường được người chơi lựa chọn với ý nghĩa ổn định và bảo hộ. Mỗi hệ vân là một hình thái riêng. Inbox mã SP-002 để xem video soi đèn và thông tin chi tiết.

👉 Nhắn tin ngay để nhận giá và video chi tiết của mẫu này.",in stock,new,1500000 VND,https://example.com/san-pham/SP-002,https://raw.githubusercontent.com/annguyennhu2021-ctrl/da-anh-sp/main/SP-002.jpg,Da - Tra - Tu Vi
SP-003,SP-003 | HẮC TINH VŨ,"💬 Giá hiển thị chỉ mang tính tham khảo.
Mỗi mẫu đá có đặc tính và giá trị riêng. Vui lòng Inbox Fanpage để nhận giá chính xác của mẫu đang xem và kiểm tra tình trạng còn hàng.

Tên/nhóm theo nguồn: Kim sa lửa / hiệu ứng ánh sao theo nguồn. Ở ánh sáng thường, mẫu đá mang sắc tối khá trầm. Khi ánh sáng chạm đúng góc, những điểm khoáng bắt sáng trên bề mặt tạo hiệu ứng như một dải tinh tú. Đây là kiểu đá càng xem trực tiếp càng thú vị vì ảnh chụp khó ghi hết hiệu ứng ánh kim. Giá trị nằm ở sự phân bố tự nhiên của từng cụm khoáng và cảm giác chuyển động khi thay đổi góc nhìn. Phù hợp người thích đá thô, specimen và phong cách trưng bày mạnh. Inbox mã SP-003 để xem video thực tế.

👉 Nhắn tin ngay để nhận giá và video chi tiết của mẫu này.",in stock,new,1500000 VND,https://example.com/san-pham/SP-003,https://raw.githubusercontent.com/annguyennhu2021-ctrl/da-anh-sp/main/SP-003.jpg,Da - Tra - Tu Vi
SP-004,SP-004 | SONG LAM SAPPHIRE,"💬 Giá hiển thị chỉ mang tính tham khảo.
Mỗi mẫu đá có đặc tính và giá trị riêng. Vui lòng Inbox Fanpage để nhận giá chính xác của mẫu đang xem và kiểm tra tình trạng còn hàng.

Tên/nhóm theo nguồn: Cặp cuội Obsidian Hero xanh Sapphire theo nguồn. Hai viên cùng một cặp nhưng hình dáng, cấu trúc và vùng lên màu khác nhau. Bề ngoài tương đối trầm, nhưng dưới nguồn sáng phù hợp phần xanh Sapphire hiện lên rõ và sâu hơn. Đây là dạng vật phẩm thú vị ở sự đối lập giữa hai trạng thái ánh sáng. Có thể trưng song đôi trên bàn làm việc hoặc tủ kính. Theo quan niệm phong thủy, vật phẩm song đôi thường gắn với hình tượng cân bằng và tương hỗ. Inbox mã SP-004 để xem video từng viên.

👉 Nhắn tin ngay để nhận giá và video chi tiết của mẫu này.",in stock,new,1500000 VND,https://example.com/san-pham/SP-004,https://raw.githubusercontent.com/annguyennhu2021-ctrl/da-anh-sp/main/SP-004.jpg,Da - Tra - Tu Vi
SP-005,SP-005 | TỬ TINH HUYỀN ẢNH,"💬 Giá hiển thị chỉ mang tính tham khảo.
Mỗi mẫu đá có đặc tính và giá trị riêng. Vui lòng Inbox Fanpage để nhận giá chính xác của mẫu đang xem và kiểm tra tình trạng còn hàng.

Tên/nhóm theo nguồn: Thạch anh tím Phantom. Mẫu thạch anh tím này đáng nhìn không chỉ ở màu tím mà ở những lớp, bao thể và dấu vết phát triển nằm bên trong tinh thể. Khi đổi góc sáng có thể xuất hiện các vùng phản quang khác nhau, khiến mẫu càng xoay càng có thêm chi tiết. Với người chơi khoáng vật, đây là giá trị của một specimen có chiều sâu. Theo quan niệm phong thủy, thạch anh tím thường gắn với sự tĩnh và tập trung. Inbox mã SP-005 để xem video cận cảnh.

👉 Nhắn tin ngay để nhận giá và video chi tiết của mẫu này.",in stock,new,1500000 VND,https://example.com/san-pham/SP-005,https://raw.githubusercontent.com/annguyennhu2021-ctrl/da-anh-sp/main/SP-005.jpg,Da - Tra - Tu Vi
SP-006,SP-006 | HUYẾT NHÃN HỎA NGỌC,"💬 Giá hiển thị chỉ mang tính tham khảo.
Mỗi mẫu đá có đặc tính và giá trị riêng. Vui lòng Inbox Fanpage để nhận giá chính xác của mẫu đang xem và kiểm tra tình trạng còn hàng.

Tên/nhóm theo nguồn: Huyết thạch hỏa ngọc theo nguồn. Một khối đá lớn với vẻ ngoài thô nguyên bản, nhưng khi rọi đèn các vùng đỏ bên trong hiện lên mạnh, tạo cảm giác như sắc lửa nằm trong lòng đá. Giá trị không nằm ở sự hoàn hảo nhân tạo mà ở hốc, vết, vùng màu và cấu trúc bất quy tắc. Với kích thước lớn, mẫu phù hợp làm centerpiece cho phòng khách, văn phòng hoặc phòng sưu tập. Theo quan niệm truyền thống, sắc đỏ thường gợi sinh khí và tính dương. Inbox mã SP-006 để xem video soi sáng toàn khối.

👉 Nhắn tin ngay để nhận giá và video chi tiết của mẫu này.",in stock,new,1500000 VND,https://example.com/san-pham/SP-006,https://raw.githubusercontent.com/annguyennhu2021-ctrl/da-anh-sp/main/SP-006.jpg,Da - Tra - Tu Vi
SP-007,SP-007 | BẠCH LIÊN ƯU ĐÀM,"💬 Giá hiển thị chỉ mang tính tham khảo.
Mỗi mẫu đá có đặc tính và giá trị riêng. Vui lòng Inbox Fanpage để nhận giá chính xác của mẫu đang xem và kiểm tra tình trạng còn hàng.

Tên/nhóm theo nguồn: Cụm tinh thể “Hoa Ưu Đàm” theo nguồn. Hàng trăm tinh thể trắng mọc tỏa thành nhiều cụm như một bông hoa đang nở. Điểm đáng giá của dạng specimen này là hình thái kết tinh tự nhiên: không có người thợ tạo từng cánh, mà chính sự phát triển của tinh thể tạo nên bố cục. Sắc trắng đem lại cảm giác thanh và nhẹ, phù hợp phòng trà, thư phòng hoặc tủ trưng bày. Theo quan niệm phong thủy, sắc trắng thường được chọn cho không gian cần sự thanh nhã. Inbox mã SP-007 để xem video cận tinh thể.

👉 Nhắn tin ngay để nhận giá và video chi tiết của mẫu này.",in stock,new,1500000 VND,https://example.com/san-pham/SP-007,https://raw.githubusercontent.com/annguyennhu2021-ctrl/da-anh-sp/main/SP-007.jpg,Da - Tra - Tu Vi
SP-008,SP-008 | TỬ TINH SƠN,"💬 Giá hiển thị chỉ mang tính tham khảo.
Mỗi mẫu đá có đặc tính và giá trị riêng. Vui lòng Inbox Fanpage để nhận giá chính xác của mẫu đang xem và kiểm tra tình trạng còn hàng.

Tên/nhóm theo nguồn: Cụm thạch anh tím. Các đầu tinh thể tím mọc chen nhau trên bề mặt tạo cảm giác như một dãy núi thu nhỏ. Mẫu không cần quá lớn để có sức hút; điểm chính nằm ở cấu trúc tinh thể và cách mỗi đầu phản sáng khác nhau. Đặt trên đôn gỗ giúp form đá tự nhiên thành một món decor gọn cho bàn làm việc hoặc kệ sách. Theo quan niệm phong thủy, thạch anh tím thường được lựa chọn cho không gian học tập, làm việc và nghỉ ngơi. Inbox mã SP-008 để xem thêm hình và video.

👉 Nhắn tin ngay để nhận giá và video chi tiết của mẫu này.",in stock,new,1500000 VND,https://example.com/san-pham/SP-008,https://raw.githubusercontent.com/annguyennhu2021-ctrl/da-anh-sp/main/SP-008.jpg,Da - Tra - Tu Vi
SP-009,SP-009 | KIM PHƯỢNG ƯU ĐÀM,"💬 Giá hiển thị chỉ mang tính tham khảo.
Mỗi mẫu đá có đặc tính và giá trị riêng. Vui lòng Inbox Fanpage để nhận giá chính xác của mẫu đang xem và kiểm tra tình trạng còn hàng.

Tên/nhóm theo nguồn: Cụm tinh thể vàng dạng Hoa Ưu Đàm theo nguồn. Cụm tinh thể vàng mọc tỏa từ đá mẹ, lớp lớn và lớp nhỏ xen nhau tạo cảm giác như một cánh chim đang bung rộng. Điểm đẹp nằm ở form tự nhiên không lặp lại: chỉ cần một nhánh phát triển khác đi là toàn bộ hình thể đã thay đổi. Sắc vàng trong quan niệm phong thủy thường gắn với sự ấm áp và sung túc. Đây là mẫu hợp bàn lớn, tủ kính hoặc không gian cần một centerpiece có sức hiện diện. Inbox mã SP-009 để xem video toàn khối.

👉 Nhắn tin ngay để nhận giá và video chi tiết của mẫu này.",in stock,new,1500000 VND,https://example.com/san-pham/SP-009,https://raw.githubusercontent.com/annguyennhu2021-ctrl/da-anh-sp/main/SP-009.jpg,Da - Tra - Tu Vi
SP-010,SP-010 | NGUYỆT VŨ XÀ CỪ,"💬 Giá hiển thị chỉ mang tính tham khảo.
Mỗi mẫu đá có đặc tính và giá trị riêng. Vui lòng Inbox Fanpage để nhận giá chính xác của mẫu đang xem và kiểm tra tình trạng còn hàng.

Tên/nhóm theo nguồn: Hắc nguyệt quang ánh xà cừ theo nguồn. Ở một góc, màu đá khá trầm; xoay sang góc khác, những vùng ánh tím, xanh hoặc vàng bắt đầu hiện ra. Chính sự thay đổi theo góc nhìn làm mẫu này rất khó đánh giá bằng một tấm ảnh. Vẻ đẹp nằm ở chuyển động thị giác và chiều sâu ánh sáng. Phù hợp người thích vật phẩm có hiệu ứng quang học và muốn một món decor thay đổi theo nguồn sáng. Inbox mã SP-010 để xem video xoay đá.

👉 Nhắn tin ngay để nhận giá và video chi tiết của mẫu này.",in stock,new,1500000 VND,https://example.com/san-pham/SP-010,https://raw.githubusercontent.com/annguyennhu2021-ctrl/da-anh-sp/main/SP-010.jpg,Da - Tra - Tu Vi
SP-011,SP-011 | HẮC SƠN TINH SA,"💬 Giá hiển thị chỉ mang tính tham khảo.
Mỗi mẫu đá có đặc tính và giá trị riêng. Vui lòng Inbox Fanpage để nhận giá chính xác của mẫu đang xem và kiểm tra tình trạng còn hàng.

Tên/nhóm theo nguồn: Specimen tinh thể thô. Mẫu hấp dẫn bởi cấu trúc thô và bề mặt dày đặc các tinh thể nhỏ. Khi có đèn chiếu, hàng nghìn điểm nhỏ bắt sáng khiến toàn khối thay đổi rõ rệt. Đây là kiểu specimen phù hợp hơn với người sưu tầm khoáng vật thay vì chỉ tìm một vật phẩm bóng đẹp. Form đá, mật độ tinh thể và từng vùng bề mặt đều do tự nhiên quyết định. Inbox mã SP-011 để xem cận cảnh.

👉 Nhắn tin ngay để nhận giá và video chi tiết của mẫu này.",in stock,new,1500000 VND,https://example.com/san-pham/SP-011,https://raw.githubusercontent.com/annguyennhu2021-ctrl/da-anh-sp/main/SP-011.jpg,Da - Tra - Tu Vi
SP-012,SP-012 | TUYẾT LIÊN THIÊN THÀNH,"💬 Giá hiển thị chỉ mang tính tham khảo.
Mỗi mẫu đá có đặc tính và giá trị riêng. Vui lòng Inbox Fanpage để nhận giá chính xác của mẫu đang xem và kiểm tra tình trạng còn hàng.

Tên/nhóm theo nguồn: Cụm tinh thể trắng. Nhìn trực diện, mẫu đá tạo cảm giác như hàng trăm cánh tuyết nhỏ mọc ra từ cùng một lõi. Càng nhìn gần càng thấy cấu trúc phức tạp và bất quy tắc. Đặt trên đế gỗ tối hoặc trong tủ kính có ánh sáng dịu sẽ làm nổi cấu trúc tốt hơn. Theo quan niệm truyền thống, sắc trắng gợi sự thanh nhã và cân bằng. Inbox mã SP-012 để xem video.

👉 Nhắn tin ngay để nhận giá và video chi tiết của mẫu này.",in stock,new,1500000 VND,https://example.com/san-pham/SP-012,https://raw.githubusercontent.com/annguyennhu2021-ctrl/da-anh-sp/main/SP-012.jpg,Da - Tra - Tu Vi
SP-013,SP-013 | KIM LIÊN ĐẠI ĐÓA,"💬 Giá hiển thị chỉ mang tính tham khảo.
Mỗi mẫu đá có đặc tính và giá trị riêng. Vui lòng Inbox Fanpage để nhận giá chính xác của mẫu đang xem và kiểm tra tình trạng còn hàng.

Tên/nhóm theo nguồn: Cụm tinh thể vàng lớn. Khối tinh thể vàng kích thước lớn tạo ấn tượng nhờ form tỏa rộng và sắc vàng mạnh. Dưới đèn, các mặt tinh thể phản sáng thành nhiều lớp, khiến toàn bộ khối giống một đóa hoa đang mở. Đây là dạng vật phẩm hợp phòng khách, showroom hoặc tủ sưu tầm lớn. Mỗi nhánh tinh thể là kết quả của quá trình phát triển tự nhiên nên hình thể tổng thể không lặp lại. Inbox mã SP-013 để xem video toàn khối.

👉 Nhắn tin ngay để nhận giá và video chi tiết của mẫu này.",in stock,new,1500000 VND,https://example.com/san-pham/SP-013,https://raw.githubusercontent.com/annguyennhu2021-ctrl/da-anh-sp/main/SP-013.jpg,Da - Tra - Tu Vi
SP-014,SP-014 | KHỔNG TƯỚC SƠN,"💬 Giá hiển thị chỉ mang tính tham khảo.
Mỗi mẫu đá có đặc tính và giá trị riêng. Vui lòng Inbox Fanpage để nhận giá chính xác của mẫu đang xem và kiểm tra tình trạng còn hàng.

Tên/nhóm theo nguồn: Malachite. Malachite nổi bật không chỉ nhờ màu xanh mà còn bởi những vòng vân, đường lượn và nhiều cấp độ sắc xanh nằm trong cùng một khối. Mẫu này có hệ vân chạy mạnh, càng nhìn gần càng xuất hiện nhiều lớp hình ảnh nhỏ bên trong. Theo quan niệm ngũ hành, sắc xanh thường được liên hệ với hành Mộc và hình tượng sinh trưởng. Đây là mẫu hợp người sưu tầm Malachite hoặc muốn một điểm nhấn xanh mạnh trong không gian. Inbox mã SP-014 để xem video chi tiết vân.

👉 Nhắn tin ngay để nhận giá và video chi tiết của mẫu này.",in stock,new,1500000 VND,https://example.com/san-pham/SP-014,https://raw.githubusercontent.com/annguyennhu2021-ctrl/da-anh-sp/main/SP-014.jpg,Da - Tra - Tu Vi
SP-015,SP-015 | LỤC QUANG SƠN,"💬 Giá hiển thị chỉ mang tính tham khảo.
Mỗi mẫu đá có đặc tính và giá trị riêng. Vui lòng Inbox Fanpage để nhận giá chính xác của mẫu đang xem và kiểm tra tình trạng còn hàng.

Tên/nhóm theo nguồn: Đá xanh xuyên sáng theo nguồn. Bên ngoài, các lớp màu xanh – vàng tạo cảm giác khá trầm. Khi rọi đèn từ phía sau, vùng màu bên trong lập tức phát sáng và lộ thêm nhiều lớp cấu trúc. Đây là dạng specimen rất hợp trưng cùng spotlight hoặc đèn soi đá. Giá trị chơi nằm ở vùng xuyên sáng, bố cục màu và hình dáng tự nhiên của khối. Inbox mã SP-015 để xem video soi sáng.

👉 Nhắn tin ngay để nhận giá và video chi tiết của mẫu này.",in stock,new,1500000 VND,https://example.com/san-pham/SP-015,https://raw.githubusercontent.com/annguyennhu2021-ctrl/da-anh-sp/main/SP-015.jpg,Da - Tra - Tu Vi
SP-016,SP-016 | HẮC LAM HERO,"💬 Giá hiển thị chỉ mang tính tham khảo.
Mỗi mẫu đá có đặc tính và giá trị riêng. Vui lòng Inbox Fanpage để nhận giá chính xác của mẫu đang xem và kiểm tra tình trạng còn hàng.

Tên/nhóm theo nguồn: Cuội Hero Obsidian theo nguồn. Bên ngoài mẫu khá tối, nhưng khi soi đèn vùng xanh lam nằm sâu bên trong nổi lên rõ rệt. Chính cảm giác “hai diện mạo” làm mẫu thú vị: ban ngày là một khối đá decor trầm, có ánh sáng lại trở thành một vật phẩm khác. Form cuội mềm và cân bằng, hợp bàn làm việc hoặc kệ nhỏ. Inbox mã SP-016 để xem video hiệu ứng ánh sáng.

👉 Nhắn tin ngay để nhận giá và video chi tiết của mẫu này.",in stock,new,1500000 VND,https://example.com/san-pham/SP-016,https://raw.githubusercontent.com/annguyennhu2021-ctrl/da-anh-sp/main/SP-016.jpg,Da - Tra - Tu Vi
SP-017,SP-017 | HỒNG NGỌC TAM TRỤ,"💬 Giá hiển thị chỉ mang tính tham khảo.
Mỗi mẫu đá có đặc tính và giá trị riêng. Vui lòng Inbox Fanpage để nhận giá chính xác của mẫu đang xem và kiểm tra tình trạng còn hàng.

Tên/nhóm theo nguồn: Ruby nguyên bản theo nguồn. Khác với Ruby đã mài giác trên trang sức, specimen Ruby giữ lại hình thể nguyên bản, bề mặt thô và sắc đỏ hồng không đồng đều tuyệt đối. Chính những yếu tố đó tạo cá tính riêng. Mẫu gồm các tinh thể dựng trên đôn gỗ, hợp người muốn bắt đầu sưu tầm đá quý nguyên bản. Theo quan niệm phương Đông, sắc đỏ thường tượng trưng cho sinh khí và nhiệt huyết. Inbox mã SP-017 để xem video.

👉 Nhắn tin ngay để nhận giá và video chi tiết của mẫu này.",in stock,new,1500000 VND,https://example.com/san-pham/SP-017,https://raw.githubusercontent.com/annguyennhu2021-ctrl/da-anh-sp/main/SP-017.jpg,Da - Tra - Tu Vi
SP-018,SP-018 | BÍCH TUYẾT ĐẠI SƠN,"💬 Giá hiển thị chỉ mang tính tham khảo.
Mỗi mẫu đá có đặc tính và giá trị riêng. Vui lòng Inbox Fanpage để nhận giá chính xác của mẫu đang xem và kiểm tra tình trạng còn hàng.

Tên/nhóm theo nguồn: Obsidian bông tuyết theo nguồn. Một khối lớn với diện tích đủ để phô nhiều vùng xanh, cụm trắng và cấu trúc bên trong. Điểm đẹp nhất xuất hiện khi dùng đèn soi: độ trong và các cụm “tuyết” trở nên rõ hơn. Đặt trên đôn gỗ, khối đá đã đủ thành một tác phẩm decor độc lập. Inbox mã SP-018 để xem video soi sáng toàn khối.

👉 Nhắn tin ngay để nhận giá và video chi tiết của mẫu này.",in stock,new,1500000 VND,https://example.com/san-pham/SP-018,https://raw.githubusercontent.com/annguyennhu2021-ctrl/da-anh-sp/main/SP-018.jpg,Da - Tra - Tu Vi
SP-019,SP-019 | LAM DIỆM SAPPHIRE,"💬 Giá hiển thị chỉ mang tính tham khảo.
Mỗi mẫu đá có đặc tính và giá trị riêng. Vui lòng Inbox Fanpage để nhận giá chính xác của mẫu đang xem và kiểm tra tình trạng còn hàng.

Tên/nhóm theo nguồn: Obsidian Hero Sapphire theo nguồn. Sắc xanh của mẫu không chỉ nằm trên bề mặt. Khi ánh sáng xuyên qua, vùng lam sâu bên trong bật lên mạnh, tạo hiệu ứng gần như phát sáng. Form nguyên bản dựng thẳng trên đôn gỗ cho cảm giác như một ngọn núi nhỏ. Phù hợp người thích màu xanh đậm nhưng không muốn vật phẩm quá rực khi không bật đèn. Inbox mã SP-019 để xem video.

👉 Nhắn tin ngay để nhận giá và video chi tiết của mẫu này.",in stock,new,1500000 VND,https://example.com/san-pham/SP-019,https://raw.githubusercontent.com/annguyennhu2021-ctrl/da-anh-sp/main/SP-019.jpg,Da - Tra - Tu Vi
SP-020,SP-020 | KIM MẠCH THIÊN THẠCH,"💬 Giá hiển thị chỉ mang tính tham khảo.
Mỗi mẫu đá có đặc tính và giá trị riêng. Vui lòng Inbox Fanpage để nhận giá chính xác của mẫu đang xem và kiểm tra tình trạng còn hàng.

Tên/nhóm theo nguồn: Khoáng vật ánh kim theo nguồn. Những mảng vàng, xanh kim loại và nền đá tối chen nhau tạo cảm giác như một lát cắt khoáng mạch trong lòng đất. Mỗi mặt của khối cho một bố cục khác nhau: có vùng ánh vàng nhiều, có vùng ánh xanh, có nơi chỉ để lộ một đường khoáng nhỏ. Đây là kiểu mẫu phù hợp cho người sưu tầm specimen ánh kim. Inbox mã SP-020 để xem video xoay đá.

👉 Nhắn tin ngay để nhận giá và video chi tiết của mẫu này.",in stock,new,1500000 VND,https://example.com/san-pham/SP-020,https://raw.githubusercontent.com/annguyennhu2021-ctrl/da-anh-sp/main/SP-020.jpg,Da - Tra - Tu Vi
SP-021,SP-021 | AQUAMAN NGỌC KHỐI,"💬 Giá hiển thị chỉ mang tính tham khảo.
Mỗi mẫu đá có đặc tính và giá trị riêng. Vui lòng Inbox Fanpage để nhận giá chính xác của mẫu đang xem và kiểm tra tình trạng còn hàng.

Tên/nhóm theo nguồn: Obsidian Aquaman màu nước theo nguồn. Mẫu nổi bật ở sắc xanh nước biển, mát và sạch, khác những dòng Obsidian tối màu thường thấy. Khối lớn giúp màu xanh có diện tích thể hiện tốt hơn và các vùng đậm nhạt trở nên rõ. Phù hợp với không gian hiện đại, nội thất gỗ hoặc nền tối để tạo tương phản. Theo quan niệm phong thủy, sắc xanh thường được chọn khi muốn tạo cảm giác bình ổn và nhẹ. Inbox mã SP-021 để xem video.

👉 Nhắn tin ngay để nhận giá và video chi tiết của mẫu này.",in stock,new,1500000 VND,https://example.com/san-pham/SP-021,https://raw.githubusercontent.com/annguyennhu2021-ctrl/da-anh-sp/main/SP-021.jpg,Da - Tra - Tu Vi
SP-022,SP-022 | HỒNG NGỌC NGUYÊN KHỐI,"💬 Giá hiển thị chỉ mang tính tham khảo.
Mỗi mẫu đá có đặc tính và giá trị riêng. Vui lòng Inbox Fanpage để nhận giá chính xác của mẫu đang xem và kiểm tra tình trạng còn hàng.

Tên/nhóm theo nguồn: Ruby/Hồng ngọc nguyên bản theo nguồn. Một khối Ruby nguyên bản mang cảm giác rất khác viên đá đã mài giác. Ở đây, thứ đáng xem là màu đỏ hồng tự nhiên, kết cấu bề mặt, hình dáng khối và những phần không hoàn hảo. Đặt trên đôn gỗ, khối đá trở thành món decor có màu mạnh nhưng vẫn giữ được vẻ tự nhiên. Phù hợp người đã chơi trang sức đá quý và muốn chuyển sang specimen nguyên bản. Inbox mã SP-022 để xem thêm hình/video.

👉 Nhắn tin ngay để nhận giá và video chi tiết của mẫu này.",in stock,new,1500000 VND,https://example.com/san-pham/SP-022,https://raw.githubusercontent.com/annguyennhu2021-ctrl/da-anh-sp/main/SP-022.jpg,Da - Tra - Tu Vi
SP-023,SP-023 | KIM SA CỔ MỘC,"💬 Giá hiển thị chỉ mang tính tham khảo.
Mỗi mẫu đá có đặc tính và giá trị riêng. Vui lòng Inbox Fanpage để nhận giá chính xác của mẫu đang xem và kiểm tra tình trạng còn hàng.

Tên/nhóm theo nguồn: Specimen tinh thể li ti theo nguồn. Mẫu thu hút bởi vô số tinh thể nhỏ mọc dày trên nền đá, tạo bề mặt như phủ một lớp kim sa. Đặt dưới ánh sáng trực tiếp, từng điểm nhỏ phản sáng khiến bề mặt gần như chuyển động khi người xem đổi vị trí. Đây là mẫu rất hợp tủ kính có spotlight. Người chơi specimen thường mê chính những cấu trúc càng nhìn gần càng phát hiện nhiều chi tiết. Inbox mã SP-023 để xem video.

👉 Nhắn tin ngay để nhận giá và video chi tiết của mẫu này.",in stock,new,1500000 VND,https://example.com/san-pham/SP-023,https://raw.githubusercontent.com/annguyennhu2021-ctrl/da-anh-sp/main/SP-023.jpg,Da - Tra - Tu Vi
SP-024,SP-024 | HẮC KIM SA LINH MỘC,"💬 Giá hiển thị chỉ mang tính tham khảo.
Mỗi mẫu đá có đặc tính và giá trị riêng. Vui lòng Inbox Fanpage để nhận giá chính xác của mẫu đang xem và kiểm tra tình trạng còn hàng.

Tên/nhóm theo nguồn: Specimen tinh thể dạng thân cây theo nguồn. Mẫu mang dáng phát triển theo chiều đứng, bề mặt phủ dày tinh thể li ti. Nhìn xa có cảm giác như một thân cây cổ thụ, nhìn gần lại là hàng nghìn bề mặt khoáng vật bắt sáng. Đây là kiểu specimen dành cho người thích tìm hình tượng tự nhiên trong đá mà không cần điêu khắc. Inbox mã SP-024 để xem video.

👉 Nhắn tin ngay để nhận giá và video chi tiết của mẫu này.",in stock,new,1500000 VND,https://example.com/san-pham/SP-024,https://raw.githubusercontent.com/annguyennhu2021-ctrl/da-anh-sp/main/SP-024.jpg,Da - Tra - Tu Vi
SP-025,SP-025 | KIM SƠN PYRITE,"💬 Giá hiển thị chỉ mang tính tham khảo.
Mỗi mẫu đá có đặc tính và giá trị riêng. Vui lòng Inbox Fanpage để nhận giá chính xác của mẫu đang xem và kiểm tra tình trạng còn hàng.

Tên/nhóm theo nguồn: Pyrite/Vàng găm theo nguồn. Pyrite hấp dẫn bởi bề mặt ánh kim giống kim loại. Ở mẫu lớn, các vùng ánh vàng chen giữa phần đá thô tạo thành các mạch tự nhiên và thay đổi rõ dưới đèn điểm. Theo văn hóa phong thủy, sắc vàng kim thường gắn với hình tượng sung túc; dưới góc độ sưu tầm, điều quyết định vẫn là form, bố cục khoáng và độ bắt sáng. Inbox mã SP-025 để xem video cận ánh kim.

👉 Nhắn tin ngay để nhận giá và video chi tiết của mẫu này.",in stock,new,1500000 VND,https://example.com/san-pham/SP-025,https://raw.githubusercontent.com/annguyennhu2021-ctrl/da-anh-sp/main/SP-025.jpg,Da - Tra - Tu Vi
SP-026,SP-026 | KHỔNG TƯỚC NGỌC,"💬 Giá hiển thị chỉ mang tính tham khảo.
Mỗi mẫu đá có đặc tính và giá trị riêng. Vui lòng Inbox Fanpage để nhận giá chính xác của mẫu đang xem và kiểm tra tình trạng còn hàng.

Tên/nhóm theo nguồn: Malachite. Một mẫu Malachite khác với hệ vân hoàn toàn riêng. Các vòng tròn, đường xoắn và dải xanh đậm – nhạt tạo nên bố cục như một bức tranh tự nhiên. Cùng một loại khoáng vật nhưng mỗi phôi mở ra một hệ vân khác, vì thế mỗi khối nên được nhìn như một specimen độc lập. Inbox mã SP-026 để xem cận vân.

👉 Nhắn tin ngay để nhận giá và video chi tiết của mẫu này.",in stock,new,1500000 VND,https://example.com/san-pham/SP-026,https://raw.githubusercontent.com/annguyennhu2021-ctrl/da-anh-sp/main/SP-026.jpg,Da - Tra - Tu Vi
SP-027,SP-027 | AQUAMAN THẠCH NOÃN,"💬 Giá hiển thị chỉ mang tính tham khảo.
Mỗi mẫu đá có đặc tính và giá trị riêng. Vui lòng Inbox Fanpage để nhận giá chính xác của mẫu đang xem và kiểm tra tình trạng còn hàng.

Tên/nhóm theo nguồn: Cuội suối Obsidian Aquaman theo nguồn. Viên Aquaman này đẹp chính nhờ form cuội tròn mềm, dấu vết bề mặt và sắc xanh tự nhiên. Cảm giác trưng bày khác hoàn toàn những sản phẩm mài bóng công nghiệp: giống một mẫu vật được giữ nguyên cá tính ban đầu rồi đặt lên đế để thưởng thức. Hợp bàn làm việc hoặc người mới chơi đá nguyên bản. Inbox mã SP-027 để xem video.

👉 Nhắn tin ngay để nhận giá và video chi tiết của mẫu này.",in stock,new,1500000 VND,https://example.com/san-pham/SP-027,https://raw.githubusercontent.com/annguyennhu2021-ctrl/da-anh-sp/main/SP-027.jpg,Da - Tra - Tu Vi
SP-028,SP-028 | KIM LAM KHOÁNG THẠCH,"💬 Giá hiển thị chỉ mang tính tham khảo.
Mỗi mẫu đá có đặc tính và giá trị riêng. Vui lòng Inbox Fanpage để nhận giá chính xác của mẫu đang xem và kiểm tra tình trạng còn hàng.

Tên/nhóm theo nguồn: Khoáng vật ánh kim đa sắc theo nguồn. Các vùng ánh vàng kim xen cùng lam – xanh đậm và nền đá thô làm toàn bộ khối giống một bức tranh trừu tượng. Mỗi mặt đều khác, xoay 90 độ gần như đã có một bố cục mới. Đây là kiểu mẫu phù hợp cho người thích khoáng vật ở góc độ nghệ thuật nhiều hơn là chỉ chọn theo phong thủy. Inbox mã SP-028 để xem video xoay khối.

👉 Nhắn tin ngay để nhận giá và video chi tiết của mẫu này.",in stock,new,1500000 VND,https://example.com/san-pham/SP-028,https://raw.githubusercontent.com/annguyennhu2021-ctrl/da-anh-sp/main/SP-028.jpg,Da - Tra - Tu Vi
SP-029,SP-029 | CỔ MỘC HÓA NGỌC,"💬 Giá hiển thị chỉ mang tính tham khảo.
Mỗi mẫu đá có đặc tính và giá trị riêng. Vui lòng Inbox Fanpage để nhận giá chính xác của mẫu đang xem và kiểm tra tình trạng còn hàng.

Tên/nhóm theo nguồn: Gỗ hóa ngọc/gỗ hóa thạch theo nguồn. Điểm kỳ lạ của gỗ hóa thạch nằm ở sự giao thoa giữa hai thế giới: mắt thấy thớ gỗ nhưng vật liệu đã khoáng hóa. Mẫu có các dải màu nâu – vàng – tím chạy dọc, tạo chiều sâu khi đánh sáng. Phù hợp người yêu đá, gỗ, cổ sinh và decor phong cách mộc. Mỗi thân cây vốn đã có hệ vân riêng, vì thế khi hóa thạch tính độc bản càng rõ. Inbox mã SP-029 để xem video.

👉 Nhắn tin ngay để nhận giá và video chi tiết của mẫu này.",in stock,new,1500000 VND,https://example.com/san-pham/SP-029,https://raw.githubusercontent.com/annguyennhu2021-ctrl/da-anh-sp/main/SP-029.jpg,Da - Tra - Tu Vi
SP-030,SP-030 | TUYẾT HOA TRONG ĐÁ,"💬 Giá hiển thị chỉ mang tính tham khảo.
Mỗi mẫu đá có đặc tính và giá trị riêng. Vui lòng Inbox Fanpage để nhận giá chính xác của mẫu đang xem và kiểm tra tình trạng còn hàng.

Tên/nhóm theo nguồn: Hốc tinh thể theo nguồn. Mặt ngoài khá giản dị nhưng các hốc bên trong xuất hiện tinh thể trắng – vàng mọc tỏa như hoa. Đây là nét hấp dẫn của dạng hốc tinh thể: bên ngoài không nói trước được hoàn toàn điều gì đang nằm trong lòng đá. Một specimen có chiều sâu tốt khi soi đèn, hợp tủ kính hoặc bàn trà. Inbox mã SP-030 để xem video cận hốc.

👉 Nhắn tin ngay để nhận giá và video chi tiết của mẫu này.",in stock,new,1500000 VND,https://example.com/san-pham/SP-030,https://raw.githubusercontent.com/annguyennhu2021-ctrl/da-anh-sp/main/SP-030.jpg,Da - Tra - Tu Vi
SP-031,SP-031 | HOÀNG DIỆM OBSIDIAN,"💬 Giá hiển thị chỉ mang tính tham khảo.
Mỗi mẫu đá có đặc tính và giá trị riêng. Vui lòng Inbox Fanpage để nhận giá chính xác của mẫu đang xem và kiểm tra tình trạng còn hàng.

Tên/nhóm theo nguồn: Obsidian vàng trà/vân mây theo nguồn. Khi rọi đèn, sắc vàng mật ong hiện lên qua những vùng bán trong, tạo cảm giác như ánh lửa nằm sâu trong đá. Với kích thước lớn, mẫu có sức hiện diện rõ và không cần nhiều vật phẩm xung quanh. Theo quan niệm phong thủy, sắc vàng thường gắn với sự ấm áp và sung túc. Inbox mã SP-031 để xem video soi đèn.

👉 Nhắn tin ngay để nhận giá và video chi tiết của mẫu này.",in stock,new,1500000 VND,https://example.com/san-pham/SP-031,https://raw.githubusercontent.com/annguyennhu2021-ctrl/da-anh-sp/main/SP-031.jpg,Da - Tra - Tu Vi
SP-032,SP-032 | ẨN RỒNG FLUORITE XANH NGỌC,"💬 Giá hiển thị chỉ mang tính tham khảo.
Mỗi mẫu đá có đặc tính và giá trị riêng. Vui lòng Inbox Fanpage để nhận giá chính xác của mẫu đang xem và kiểm tra tình trạng còn hàng.

Tên/nhóm theo nguồn: Fluorite xanh ngọc theo nguồn. Tên “Ẩn Rồng” đến từ hình tượng người xem cảm nhận trong cấu trúc đá, không phải sản phẩm khắc rõ thành linh vật. Fluorite được yêu thích nhờ màu sắc, độ trong và vùng chuyển sắc khi có ánh sáng. Mẫu lớn có sức hiện diện cao, hợp bộ sưu tập chuyên nghiệp hoặc không gian trưng bày riêng. Inbox mã SP-032 để xem video.

👉 Nhắn tin ngay để nhận giá và video chi tiết của mẫu này.",in stock,new,1500000 VND,https://example.com/san-pham/SP-032,https://raw.githubusercontent.com/annguyennhu2021-ctrl/da-anh-sp/main/SP-032.jpg,Da - Tra - Tu Vi
SP-033,SP-033 | KIM HỔ PHÁCH NGỌC,"💬 Giá hiển thị chỉ mang tính tham khảo.
Mỗi mẫu đá có đặc tính và giá trị riêng. Vui lòng Inbox Fanpage để nhận giá chính xác của mẫu đang xem và kiểm tra tình trạng còn hàng.

Tên/nhóm theo nguồn: Đá vàng cam xuyên sáng theo nguồn. Mẫu gây ấn tượng bởi tông vàng cam ấm. Khi có ánh sáng phía sau, những vùng bán trong trở nên sáng hơn, tạo hiệu ứng gần giống mật ong dưới nắng. Dạng đá này nên chơi kèm ánh sáng vì ban ngày và buổi tối có thể cho hai diện mạo khác nhau. Hợp nội thất gỗ, nâu, be hoặc ánh sáng vàng. Inbox mã SP-033 để xem video.

👉 Nhắn tin ngay để nhận giá và video chi tiết của mẫu này.",in stock,new,1500000 VND,https://example.com/san-pham/SP-033,https://raw.githubusercontent.com/annguyennhu2021-ctrl/da-anh-sp/main/SP-033.jpg,Da - Tra - Tu Vi
SP-034,SP-034 | OPALITE THẬP NOÃN,"💬 Giá hiển thị chỉ mang tính tham khảo.
Mỗi mẫu đá có đặc tính và giá trị riêng. Vui lòng Inbox Fanpage để nhận giá chính xác của mẫu đang xem và kiểm tra tình trạng còn hàng.

Tên/nhóm theo nguồn: Lô 10 viên, tên nguồn cần kiểm chứng. Lô gồm 10 viên có nền trắng sữa pha xanh lam khá đồng đều, khi gặp ánh sáng xuất hiện vùng cam/đỏ ở rìa hoặc xuyên thân. Hình ảnh phù hợp hơn với Opalite tổng hợp so với Moonstone tự nhiên, vì vậy tên khoáng vật cần kiểm chứng trước khi khẳng định. Đây là lô thích hợp chơi theo bộ hoặc lựa từng viên theo form và hiệu ứng. Inbox mã SP-034 để xem video và thông tin chi tiết.

👉 Nhắn tin ngay để nhận giá và video chi tiết của mẫu này.",in stock,new,1500000 VND,https://example.com/san-pham/SP-034,https://raw.githubusercontent.com/annguyennhu2021-ctrl/da-anh-sp/main/SP-034.jpg,Da - Tra - Tu Vi
SP-035,SP-035 | CỔ MỘC VẠN NIÊN,"💬 Giá hiển thị chỉ mang tính tham khảo.
Mỗi mẫu đá có đặc tính và giá trị riêng. Vui lòng Inbox Fanpage để nhận giá chính xác của mẫu đang xem và kiểm tra tình trạng còn hàng.

Tên/nhóm theo nguồn: Cây gỗ hóa thạch khổng lồ. Đây không còn là một món decor nhỏ mà là một vật phẩm kiến trúc. Thân gỗ hóa thạch cao lớn, nặng hàng trăm kg, vẫn giữ hệ thớ và hình thái của thân cây ban đầu. Phù hợp sảnh lớn, resort, khách sạn, showroom, biệt thự hoặc bộ sưu tập chuyên nghiệp. Tính độc bản đến từ chính cấu trúc từng tồn tại trên một thân cây duy nhất. Inbox mã SP-035 để xem video toàn khối.

👉 Nhắn tin ngay để nhận giá và video chi tiết của mẫu này.",in stock,new,1500000 VND,https://example.com/san-pham/SP-035,https://raw.githubusercontent.com/annguyennhu2021-ctrl/da-anh-sp/main/SP-035.jpg,Da - Tra - Tu Vi
SP-036,SP-036 | BẠCH TUYẾT ƯU ĐÀM,"💬 Giá hiển thị chỉ mang tính tham khảo.
Mỗi mẫu đá có đặc tính và giá trị riêng. Vui lòng Inbox Fanpage để nhận giá chính xác của mẫu đang xem và kiểm tra tình trạng còn hàng.

Tên/nhóm theo nguồn: Cụm tinh thể trắng dạng bonsai khoáng vật theo nguồn. Các cụm trắng bung ra thành nhiều tán, tạo cảm giác như những bông hoa hoặc tán tuyết mọc trên thân đá. Điểm đáng giá không nằm ở sự đối xứng hoàn hảo; chính những nhánh lớn nhỏ khác nhau tạo cảm giác sống động. Đặt trên đế gỗ nâu và trong tủ kính có ánh sáng nhẹ sẽ làm nổi cấu trúc. Inbox mã SP-036 để xem video.

👉 Nhắn tin ngay để nhận giá và video chi tiết của mẫu này.",in stock,new,1500000 VND,https://example.com/san-pham/SP-036,https://raw.githubusercontent.com/annguyennhu2021-ctrl/da-anh-sp/main/SP-036.jpg,Da - Tra - Tu Vi
SP-037,SP-037 | MÃ NÃO TÍM MẬN ĐỎ NGỌC THỊT CHÍN,"💬 Giá hiển thị chỉ mang tính tham khảo.
Mỗi mẫu đá có đặc tính và giá trị riêng. Vui lòng Inbox Fanpage để nhận giá chính xác của mẫu đang xem và kiểm tra tình trạng còn hàng.

Tên/nhóm theo nguồn: Mã não theo tên nguồn. Mẫu nổi bật ở khả năng ăn đèn xuyên sáng: khi chiếu từ một phía, ánh sáng làm lộ rõ các lớp màu, vùng chuyển sắc và chiều sâu bên trong. Sắc tím, đỏ mận và phần “thịt đá” no màu tạo cảm giác ấm và mềm mắt. Đã chế tác thủ công trên đôn gỗ quý. Theo quan niệm truyền thống, mã não thường gắn với cân bằng và ổn định. Mỗi mẫu có hệ màu riêng. Inbox mã SP-037 để xem video soi đèn.

👉 Nhắn tin ngay để nhận giá và video chi tiết của mẫu này.",in stock,new,1500000 VND,https://example.com/san-pham/SP-037,https://raw.githubusercontent.com/annguyennhu2021-ctrl/da-anh-sp/main/SP-037.jpg,Da - Tra - Tu Vi
SP-038,SP-038 | GỖ HÓA NGỌC THỊT TRONG ĐẸP NHƯ HỔ PHÁCH,"💬 Giá hiển thị chỉ mang tính tham khảo.
Mỗi mẫu đá có đặc tính và giá trị riêng. Vui lòng Inbox Fanpage để nhận giá chính xác của mẫu đang xem và kiểm tra tình trạng còn hàng.

Tên/nhóm theo nguồn: Gỗ hóa ngọc theo nguồn. Mẫu gây ấn tượng bởi phần thịt đá trong, ấm và có chiều sâu thị giác, đúng như mô tả “đẹp như hổ phách”. Nguồn mô tả đây là đặc sản núi lửa Chư A Thai, Gia Lai và đã được chế tác thủ công trên đôn gỗ quý. Đây là kiểu vật phẩm hợp người yêu đá tự nhiên, thích chất mộc và câu chuyện địa phương. Inbox mã SP-038 để xem ảnh cận và video.

👉 Nhắn tin ngay để nhận giá và video chi tiết của mẫu này.",in stock,new,1500000 VND,https://example.com/san-pham/SP-038,https://raw.githubusercontent.com/annguyennhu2021-ctrl/da-anh-sp/main/SP-038.jpg,Da - Tra - Tu Vi
SP-039,SP-039 | LỤC BẢO KIM VÂN,"💬 Giá hiển thị chỉ mang tính tham khảo.
Mỗi mẫu đá có đặc tính và giá trị riêng. Vui lòng Inbox Fanpage để nhận giá chính xác của mẫu đang xem và kiểm tra tình trạng còn hàng.

Tên/nhóm theo nguồn: Malachite kim sa nhũ đá theo nguồn. Khối Malachite lớn với các cụm khoáng phát triển thành từng múi, nốt và tầng lớp liên tiếp. Nhìn gần bề mặt giống một địa hình thu nhỏ; nhìn xa cả khối như một tác phẩm điêu khắc tự nhiên. Sự phân bố màu xanh không đồng đều tạo chiều sâu mạnh. Theo quan niệm phong thủy, sắc xanh thường liên hệ với hành Mộc và sinh trưởng. Inbox mã SP-039 để xem ảnh cận và video toàn khối.

👉 Nhắn tin ngay để nhận giá và video chi tiết của mẫu này.",in stock,new,1500000 VND,https://example.com/san-pham/SP-039,https://raw.githubusercontent.com/annguyennhu2021-ctrl/da-anh-sp/main/SP-039.jpg,Da - Tra - Tu Vi
SP-040,SP-040 | VẠN NIÊN TUYẾT HOA,"💬 Giá hiển thị chỉ mang tính tham khảo.
Mỗi mẫu đá có đặc tính và giá trị riêng. Vui lòng Inbox Fanpage để nhận giá chính xác của mẫu đang xem và kiểm tra tình trạng còn hàng.

Tên/nhóm theo nguồn: Hoa Ưu Đàm tự nhiên theo nguồn. Hàng trăm tinh thể trắng mọc tỏa ra theo nhiều hướng, tạo thành các cụm giống bông hoa hoặc chùm tuyết. Giá trị của specimen nằm ở form tổng thể, độ phát triển và độ nguyên vẹn của từng tinh thể. Sắc trắng tạo cảm giác thanh và nhẹ, hợp phòng trà, thư phòng hoặc tủ trưng bày. Inbox mã SP-040 để xem video cận tinh thể.

👉 Nhắn tin ngay để nhận giá và video chi tiết của mẫu này.",in stock,new,1500000 VND,https://example.com/san-pham/SP-040,https://raw.githubusercontent.com/annguyennhu2021-ctrl/da-anh-sp/main/SP-040.jpg,Da - Tra - Tu Vi
SP-041,SP-041 | BẠCH TINH KỲ LÂN,"💬 Giá hiển thị chỉ mang tính tham khảo.
Mỗi mẫu đá có đặc tính và giá trị riêng. Vui lòng Inbox Fanpage để nhận giá chính xác của mẫu đang xem và kiểm tra tình trạng còn hàng.

Tên/nhóm theo nguồn: Cụm thạch anh dáng kỳ lân theo nguồn. Một trụ thạch anh chính vươn lên ở trung tâm, xung quanh là nhiều tinh thể nhỏ mọc ngang – dọc, tạo hình tượng mà nguồn liên tưởng tới kỳ lân tọa lạc. Đây là một cách chơi specimen thú vị: không cần khắc thành linh vật, chỉ cần giữ nguyên form và để người xem tự tìm thấy hình ảnh. Theo quan niệm phong thủy, thạch anh trắng thường gắn với sự thanh sạch. Inbox mã SP-041 để xem video xoay đá.

👉 Nhắn tin ngay để nhận giá và video chi tiết của mẫu này.",in stock,new,1500000 VND,https://example.com/san-pham/SP-041,https://raw.githubusercontent.com/annguyennhu2021-ctrl/da-anh-sp/main/SP-041.jpg,Da - Tra - Tu Vi
SP-042,SP-042 | NGỌA LONG BẠCH TINH,"💬 Giá hiển thị chỉ mang tính tham khảo.
Mỗi mẫu đá có đặc tính và giá trị riêng. Vui lòng Inbox Fanpage để nhận giá chính xác của mẫu đang xem và kiểm tra tình trạng còn hàng.

Tên/nhóm theo nguồn: Bệ tinh thể thạch anh “dáng ngọa long” theo nguồn. Khối tinh thể lớn với vô số trụ thạch anh trắng phát triển dày đặc thành nhiều tầng. Theo nguồn, hình thể tổng thể được liên tưởng tới “ngọa long” – rồng nằm, xuất phát từ thế tự nhiên của khối chứ không phải điêu khắc. Với kích thước và trọng lượng lớn, đây là specimen phù hợp sảnh, biệt thự, showroom hoặc bộ sưu tập chuyên nghiệp. Inbox mã SP-042 để xem toàn bộ thế đá và cận tinh thể.

👉 Nhắn tin ngay để nhận giá và video chi tiết của mẫu này.",in stock,new,1500000 VND,https://example.com/san-pham/SP-042,https://raw.githubusercontent.com/annguyennhu2021-ctrl/da-anh-sp/main/SP-042.jpg,Da - Tra - Tu Vi
SP-043,SP-043 | ĐÀO THỌ HỒNG TINH,"💬 Giá hiển thị chỉ mang tính tham khảo.
Mỗi mẫu đá có đặc tính và giá trị riêng. Vui lòng Inbox Fanpage để nhận giá chính xác của mẫu đang xem và kiểm tra tình trạng còn hàng.

Tên/nhóm theo nguồn: Cây Đào Đá Thạch Anh Hồng nguyên khối theo nguồn. Cây sử dụng 38 quả đại bằng Thạch Anh Hồng, tạo thành một tán lớn với sắc hồng nhạt mềm và ấm. Kích thước lớn giúp vật phẩm đủ sức làm điểm trung tâm trong phòng khách, sảnh hoặc khu vực tiếp khách. Theo quan niệm truyền thống, cây đào tượng trưng cho trường thọ và may mắn; Thạch Anh Hồng thường được liên hệ với sự hài hòa và các mối quan hệ. Mỗi quả đá có vân và sắc độ riêng. Inbox mã SP-043 để xem video toàn cây.

👉 Nhắn tin ngay để nhận giá và video chi tiết của mẫu này.",in stock,new,1500000 VND,https://example.com/san-pham/SP-043,https://raw.githubusercontent.com/annguyennhu2021-ctrl/da-anh-sp/main/SP-043.jpg,Da - Tra - Tu Vi
SP-044,SP-044 | HOÀNG LONG ĐÀO THỌ,"💬 Giá hiển thị chỉ mang tính tham khảo.
Mỗi mẫu đá có đặc tính và giá trị riêng. Vui lòng Inbox Fanpage để nhận giá chính xác của mẫu đang xem và kiểm tra tình trạng còn hàng.

Tên/nhóm theo nguồn: Cây Đào Đá Ngọc Hoàng Long nguyên khối theo nguồn. Toàn bộ tán cây sử dụng 38 quả đại màu vàng ấm nổi bật trên nền lá xanh. Cây có kích thước lớn, phù hợp phòng khách, văn phòng hoặc khu vực kinh doanh. Theo quan niệm phong thủy truyền thống, sắc vàng gắn với sung túc và cây đào gợi trường thọ, may mắn. Giá trị thẩm mỹ còn nằm ở việc mỗi quả đá mang sắc độ và hệ vân khác nhau. Inbox mã SP-044 để xem video toàn cây và chi tiết từng quả.

👉 Nhắn tin ngay để nhận giá và video chi tiết của mẫu này.",in stock,new,1500000 VND,https://example.com/san-pham/SP-044,https://raw.githubusercontent.com/annguyennhu2021-ctrl/da-anh-sp/main/SP-044.jpg,Da - Tra - Tu Vi
SP-045,SP-045 | BÍCH TUYẾT NGỌC II,"💬 Giá hiển thị chỉ mang tính tham khảo.
Mỗi mẫu đá có đặc tính và giá trị riêng. Vui lòng Inbox Fanpage để nhận giá chính xác của mẫu đang xem và kiểm tra tình trạng còn hàng.

Tên/nhóm theo nguồn: Obsidian bông tuyết cộng sinh xanh ngọc. Điểm đáng nhìn không nằm ở một màu xanh đơn thuần mà ở sự tương phản giữa nền xanh có độ trong và các vùng trắng cộng sinh nằm rải bên trong. Khi chiếu từ dưới hoặc phía sau, phần xanh sáng hơn và các “bông tuyết” nổi rõ hơn. Mẫu đã được dựng trên đôn gỗ quý Tây Nguyên, hợp phòng khách, phòng làm việc lớn hoặc tủ trưng bày có đèn hắt. Theo tinh thần thuận tự nhiên, chính những vùng bất quy tắc làm nên cá tính của specimen. Inbox mã SP-045 để xem video xoay đá và hiệu ứng lên đèn.

👉 Nhắn tin ngay để nhận giá và video chi tiết của mẫu này.",in stock,new,1500000 VND,https://example.com/san-pham/SP-045,https://raw.githubusercontent.com/annguyennhu2021-ctrl/da-anh-sp/main/SP-045.jpg,Da - Tra - Tu Vi
SP-046,SP-046 | BẠCH NGỌC DI LẶC,"💬 Giá hiển thị chỉ mang tính tham khảo.
Mỗi mẫu đá có đặc tính và giá trị riêng. Vui lòng Inbox Fanpage để nhận giá chính xác của mẫu đang xem và kiểm tra tình trạng còn hàng.

Tên/nhóm theo nguồn: Bạch ngọc tự nhiên Tây Nguyên theo tên nguồn. Khối đá lớn được chế tác thủ công thành hình Di Lặc hoan hỉ nhưng vẫn giữ lại nhiều vùng đá mẹ, đường màu và phần xuyên sáng. Khi soi đèn vào những vùng có độ trong cao, chất đá bên trong hiện lên với sắc ấm, tạo tương phản rõ giữa phần sáng và nền tự nhiên. Đây là điểm gặp giữa chất liệu tự nhiên và bàn tay người thợ. Với kích thước lớn, mẫu phù hợp phòng khách, sảnh, showroom hoặc không gian tiếp khách trang trọng. Inbox mã SP-046 để xem video soi đèn và toàn bộ thế vật phẩm.

👉 Nhắn tin ngay để nhận giá và video chi tiết của mẫu này.",in stock,new,1500000 VND,https://example.com/san-pham/SP-046,https://raw.githubusercontent.com/annguyennhu2021-ctrl/da-anh-sp/main/SP-046.jpg,Da - Tra - Tu Vi
SP-047,SP-047 | HẮC LAM SAPPHIRE TỨ THẠCH,"💬 Giá hiển thị chỉ mang tính tham khảo.
Mỗi mẫu đá có đặc tính và giá trị riêng. Vui lòng Inbox Fanpage để nhận giá chính xác của mẫu đang xem và kiểm tra tình trạng còn hàng.

Tên/nhóm theo nguồn: Lô 4 viên Obsidian Hero màu Sapphire theo nguồn. Bốn viên cùng một dòng đá nhưng mỗi khối mang một hình thể khác nhau. Ở trạng thái thường bề mặt khá tối và trầm; khi có ánh sáng phù hợp, phần xanh lam hiện lên mạnh và sâu. Điểm thú vị nằm ở khả năng tạo nhiều bố cục: chơi nguyên bộ, theo cặp hoặc chọn từng viên. Cùng chất nhưng khác hình, mỗi viên vẫn là một cá thể riêng. Inbox mã SP-047 để xem video soi từng viên.

👉 Nhắn tin ngay để nhận giá và video chi tiết của mẫu này.",in stock,new,1500000 VND,https://example.com/san-pham/SP-047,https://raw.githubusercontent.com/annguyennhu2021-ctrl/da-anh-sp/main/SP-047.jpg,Da - Tra - Tu Vi
SP-048,SP-048 | PHÚ QUÝ TẦNG VÂN,"💬 Giá hiển thị chỉ mang tính tham khảo.
Mỗi mẫu đá có đặc tính và giá trị riêng. Vui lòng Inbox Fanpage để nhận giá chính xác của mẫu đang xem và kiểm tra tình trạng còn hàng.

Tên/nhóm theo nguồn: Đá thịt lợn / đá Phú Quý theo nguồn. Các lớp màu kem – hồng – nâu xếp chồng theo phương ngang tạo cảm giác như một lát cắt địa tầng thu nhỏ. Mẫu đẹp ở nhịp lớp: lặp lại nhưng không hoàn toàn giống nhau, vừa có trật tự vừa có biến thiên. Form gọn và đế gỗ tối giúp hệ vân nổi rõ, phù hợp bàn làm việc, kệ sách hoặc tủ trưng bày. Inbox mã SP-048 để xem video toàn khối và chi tiết từng lớp vân.

👉 Nhắn tin ngay để nhận giá và video chi tiết của mẫu này.",in stock,new,1500000 VND,https://example.com/san-pham/SP-048,https://raw.githubusercontent.com/annguyennhu2021-ctrl/da-anh-sp/main/SP-048.jpg,Da - Tra - Tu Vi
SP-049,SP-049 | BÍCH LƯU CUỘI SUỐI,"💬 Giá hiển thị chỉ mang tính tham khảo.
Mỗi mẫu đá có đặc tính và giá trị riêng. Vui lòng Inbox Fanpage để nhận giá chính xác của mẫu đang xem và kiểm tra tình trạng còn hàng.

Tên/nhóm theo nguồn: Cuội suối Obsidian trong veo theo nguồn. Lô cuội giữ nguyên form tự nhiên, mỗi viên từ khoảng 0,5 kg đến hơn 1 kg. Ở ánh sáng thường bề mặt khá mờ và giản dị; khi rọi đèn, phần bên trong sáng lên và lộ sắc xanh nhẹ. Đây là kiểu đẹp ở sự đối lập giữa vẻ mộc bên ngoài và chiều sâu bên trong. Phù hợp bàn làm việc, bàn trà, kệ nhỏ hoặc chơi theo cặp/bộ. Inbox mã SP-049 để xem video soi từng viên và lựa mẫu.

👉 Nhắn tin ngay để nhận giá và video chi tiết của mẫu này.",in stock,new,1500000 VND,https://example.com/san-pham/SP-049,https://raw.githubusercontent.com/annguyennhu2021-ctrl/da-anh-sp/main/SP-049.jpg,Da - Tra - Tu Vi
SP-050,SP-050 | CỔ MỘC HUYẾT NGỌC,"💬 Giá hiển thị chỉ mang tính tham khảo.
Mỗi mẫu đá có đặc tính và giá trị riêng. Vui lòng Inbox Fanpage để nhận giá chính xác của mẫu đang xem và kiểm tra tình trạng còn hàng.

Tên/nhóm theo nguồn: Gỗ cổ đại hóa thạch vùng Gia Lai theo nguồn. Mắt nhìn thấy thớ gỗ nhưng tay chạm vào đá – đó là điều làm gỗ hóa thạch đặc biệt. Mẫu lớn giữ lại hệ thớ chạy dọc rõ, với nhiều lớp vàng, nâu, đỏ và vùng bán trong. Khi soi đèn, cấu trúc thớ hiện rõ hơn, giúp “đọc” vật liệu chứ không chỉ làm đá sáng lên. Đây là mẫu phù hợp phòng khách, thư phòng, sảnh hoặc showroom. Inbox mã SP-050 để xem video cận thớ gỗ và hiệu ứng soi sáng.

👉 Nhắn tin ngay để nhận giá và video chi tiết của mẫu này.",in stock,new,1500000 VND,https://example.com/san-pham/SP-050,https://raw.githubusercontent.com/annguyennhu2021-ctrl/da-anh-sp/main/SP-050.jpg,Da - Tra - Tu Vi
SP-051,SP-051 | KIM HOA BẤT TỬ,"💬 Giá hiển thị chỉ mang tính tham khảo.
Mỗi mẫu đá có đặc tính và giá trị riêng. Vui lòng Inbox Fanpage để nhận giá chính xác của mẫu đang xem và kiểm tra tình trạng còn hàng.

Tên/nhóm theo nguồn: Hoa bất tử ngàn năm theo nguồn. Cụm tinh thể vàng mọc tỏa thành nhiều nhánh, mỗi nhánh gồm các trụ tinh thể mảnh đan xen như một bông hoa đang bung cánh. Điểm đáng nhìn không chỉ là sắc vàng mà là hình thái kết tinh tự nhiên, mật độ lõi và cách lớp ngoài bung rộng. Dưới đèn điểm, các mặt tinh thể phản sáng khiến khối gần như chuyển động. Phù hợp bàn làm việc, tủ kính, bàn trà hoặc kệ trưng bày. Inbox mã SP-051 để xem video cận tinh thể.

👉 Nhắn tin ngay để nhận giá và video chi tiết của mẫu này.",in stock,new,1500000 VND,https://example.com/san-pham/SP-051,https://raw.githubusercontent.com/annguyennhu2021-ctrl/da-anh-sp/main/SP-051.jpg,Da - Tra - Tu Vi
SP-052,SP-052 | TỬ TINH PHANTOM TRỤ,"💬 Giá hiển thị chỉ mang tính tham khảo.
Mỗi mẫu đá có đặc tính và giá trị riêng. Vui lòng Inbox Fanpage để nhận giá chính xác của mẫu đang xem và kiểm tra tình trạng còn hàng.

Tên/nhóm theo nguồn: Thạch anh tím Phantom chân dài theo nguồn. Mẫu có dáng trụ dài, sắc tím hiện tương đối xuyên suốt từ đầu tinh thể xuống thân. Dáng đứng khiến mắt đi theo chiều dọc, còn ánh sáng xiên hoặc từ phía sau làm sắc tím thay đổi đậm – nhạt và tăng chiều sâu. Với chiều cao lớn, mẫu phù hợp trưng độc lập trên bàn làm việc lớn, thư phòng hoặc tủ kính đứng. Theo quan niệm phong thủy, thạch anh tím thường gắn với sự tĩnh và tập trung. Inbox mã SP-052 để xem video xoay toàn thân tinh thể.

👉 Nhắn tin ngay để nhận giá và video chi tiết của mẫu này.",in stock,new,1500000 VND,https://example.com/san-pham/SP-052,https://raw.githubusercontent.com/annguyennhu2021-ctrl/da-anh-sp/main/SP-052.jpg,Da - Tra - Tu Vi
SP-053,SP-053 | LỤC TINH PHANTOM KHỐI,"💬 Giá hiển thị chỉ mang tính tham khảo.
Mỗi mẫu đá có đặc tính và giá trị riêng. Vui lòng Inbox Fanpage để nhận giá chính xác của mẫu đang xem và kiểm tra tình trạng còn hàng.

Tên/nhóm theo nguồn: Đá tím xanh trong, dòng linh thạch anh / “florist” theo tên nguồn. Khối lớn mang sắc xanh lục chủ đạo, xen các chuyển sắc đậm – nhạt, mảng trắng và nhiều lớp cấu trúc bên trong. Khi có ánh sáng đi qua, các vùng bán trong hiện rõ hơn và làm khối đá có cảm giác nhiều lớp. Đây là specimen có sức hiện diện mạnh, phù hợp phòng khách, phòng làm việc lớn, showroom hoặc kệ trưng bày riêng. Tên “florist” và mô tả độ hiếm là thông tin từ nguồn, cần phân biệt với thuật ngữ khoáng vật học chính thức. Inbox mã SP-053 để xem video xoay toàn khối và hiệu ứng ánh sáng.

👉 Nhắn tin ngay để nhận giá và video chi tiết của mẫu này.",in stock,new,1500000 VND,https://example.com/san-pham/SP-053,https://raw.githubusercontent.com/annguyennhu2021-ctrl/da-anh-sp/main/SP-053.jpg,Da - Tra - Tu Vi
